seqID	matched	motif_start	stem_start	stem_end	score	folded_structure
sample_3	tatttgggt	278	270	294	10	.......(((((...............))))).......
sample_3	taatatttg	281	270	294	10	....(((((...............)))))..........
sample_3	tagtcggcg	900	892	913	7	(((....(((((............))))).....)))..
sample_3	tacttgtca	1017	1012	1032	8	..........(((((((.......)))))))........
sample_3	tatacttgt	1019	1012	1032	8	........(((((((.......)))))))..........
sample_3	taatttttc	1300	1294	1314	7	.........((((((.........)))))).........
sample_3	tatgagcgc	1476	1471	1491	7	..........((((((.........))))))........
sample_3	taaaaagac	2080	2072	2093	7	....(((((((............))))).))........
sample_3	tatttataa	2134	2129	2147	9	.....((((.((((((.......))))))))))......
sample_3	taagattct	2178	2167	2201	1	....((((((((((((...........))))))))))))
sample_3	Taataagat	2181	2166	2202	2	(((((((((((((...........)))))))))))))..
sample_3	tattATGTC	2185	2170	2198	2	(((((((((...........)))))))))..........
