id,consensus,length,occurrences
MEME-1,HNYWLNMW,8,3
MEME-2,QMRSYKAW,8,3
MEME-3,LCIWGKTR,8,3
MEME-4,PEFETIQC,8,3
MEME-5,QQCEEDFL,8,3
MEME-6,CLLTYSQT,8,3
MEME-7,WWEENVIT,8,3
MEME-8,MSTSQFRF,8,3
MEME-9,HPNIKPIP,8,3
MEME-10,WGKPSIWL,8,3
MEME-11,QQDAFLHR,8,3
MEME-12,VLYFNAIK,8,3
MEME-13,KYRHKKRM,8,3
MEME-14,GAQETFDV,8,3
MEME-15,YAVFDDII,8,3
MEME-16,TPEHAFDY,8,3
MEME-17,ADYAYDDV,8,3
MEME-18,FNEWLSQS,8,3
MEME-19,GKDGDIIY,8,3
MEME-20,LGKTVLAR,8,3
MEME-21,SEAPEYHP,8,3
MEME-22,VLRNRAPR,8,3
MEME-23,HLENKIVT,8,3
MEME-24,YESGNLDH,8,3
MEME-25,RERPNGRV,8,3
MEME-26,RPGKSGTL,8,3
MEME-27,DSIWADAL,8,3
MEME-28,ALGTPRVY,8,3
MEME-29,AENHFNYV,8,3
MEME-30,NYAAYHFA,8,3
MEME-31,LLDFHGS,7,3
